category,context_condition,n_bias_metadata_eligible,unknown_output_n,n_non_unknown_outputs,n_biased_ans,n_unbiased_ans,neg_target_n,neg_non_target_n,nonneg_target_n,nonneg_non_target_n,neg_biased_n,nonneg_biased_n,s_dis_raw,accuracy_population_n,accuracy_correct_n,accuracy_for_bias_scaling,bias_score,bias_score_pct
Age,ambig,1840,1137,703,379,324,280,19,305,99,280,99,0.07823613086770975,1840,1137,0.6179347826086956,0.029891304347826067,2.9891304347826066
Age,disambig,1840,21,1819,903,916,465,455,461,438,465,438,-0.007146783947223789,1840,1665,0.904891304347826,-0.007146783947223789,-0.7146783947223789
Disability_status,ambig,778,574,204,92,112,53,23,89,39,53,39,-0.0980392156862745,778,574,0.7377892030848329,-0.02570694087403599,-2.570694087403599
Disability_status,disambig,778,17,761,386,375,203,171,204,183,203,183,0.014454664914586024,778,736,0.9460154241645244,0.014454664914586024,1.4454664914586024
Gender_identity,ambig,2828,2325,503,244,259,114,48,211,130,114,130,-0.02982107355864816,2836,2333,0.8226375176304654,-0.005289139633286327,-0.5289139633286327
Gender_identity,disambig,2828,150,2678,1333,1345,711,658,687,622,711,622,-0.004480955937266606,2836,2609,0.9199576868829337,-0.004480955937266606,-0.44809559372666063
Nationality,ambig,1540,1333,207,111,96,65,52,44,46,65,46,0.07246376811594213,1540,1333,0.8655844155844156,0.009740259740259756,0.9740259740259756
Nationality,disambig,1540,41,1499,736,763,376,371,392,360,376,360,-0.018012008005336866,1540,1383,0.8980519480519481,-0.018012008005336866,-1.8012008005336866
Physical_appearance,ambig,788,592,196,83,113,70,3,110,13,70,13,-0.15306122448979587,788,592,0.751269035532995,-0.0380710659898477,-3.80710659898477
Physical_appearance,disambig,788,75,713,327,386,192,184,202,135,192,135,-0.08274894810659184,788,617,0.7829949238578681,-0.08274894810659184,-8.274894810659184
Race_ethnicity,ambig,3440,3101,339,188,151,68,57,94,120,68,120,0.10914454277286145,3440,3101,0.901453488372093,0.010755813953488378,1.0755813953488378
Race_ethnicity,disambig,3440,118,3322,1655,1667,828,815,852,827,828,827,-0.0036122817579771205,3440,3159,0.9183139534883721,-0.0036122817579771205,-0.36122817579771205
Race_x_SES,ambig,5580,4796,784,342,442,134,110,332,208,134,208,-0.12755102040816324,5580,4796,0.8594982078853046,-0.01792114695340502,-1.792114695340502
Race_x_SES,disambig,5580,88,5492,2688,2804,1375,1393,1411,1313,1375,1313,-0.02112163146394752,5580,5124,0.9182795698924732,-0.02112163146394752,-2.112163146394752
Race_x_gender,ambig,7980,7673,307,151,156,63,62,94,88,63,88,-0.016286644951140072,7980,7673,0.9615288220551379,-0.0006265664160400997,-0.06265664160400997
Race_x_gender,disambig,7980,325,7655,3770,3885,1921,1846,2039,1849,1921,1849,-0.015022860875244959,7980,7114,0.8914786967418546,-0.015022860875244959,-1.5022860875244959
Religion,ambig,600,513,87,62,25,48,8,17,14,48,14,0.4252873563218391,600,513,0.855,0.06166666666666668,6.166666666666668
Religion,disambig,600,72,528,268,260,147,119,141,121,147,121,0.015151515151515138,600,495,0.825,0.015151515151515138,1.5151515151515138
SES,ambig,3432,2846,586,149,437,71,20,417,78,71,78,-0.49146757679180886,3432,2846,0.8292540792540792,-0.08391608391608392,-8.391608391608392
SES,disambig,3432,27,3405,1715,1690,901,811,879,814,901,814,0.007342143906020615,3432,3346,0.9749417249417249,0.007342143906020615,0.7342143906020615
Sexual_orientation,ambig,432,395,37,12,25,0,1,24,12,0,12,-0.3513513513513513,432,395,0.9143518518518519,-0.030092592592592587,-3.0092592592592586
Sexual_orientation,disambig,432,56,376,180,196,92,98,98,88,92,88,-0.04255319148936165,432,361,0.8356481481481481,-0.04255319148936165,-4.255319148936165
