path,bytes,sha256
.gitignore,204,80288c35d6a3985c1a9519b864c3df4d2f475c02b45d10c2ed8680dade0700ca
README_RESULTS.md,1859,d077692626175486c0be2a30ced6f348f2bef297bcb1555a0e630afd39c467ba
protocol/CANONICAL_PROTOCOL_V1.json,1449,292759b8612d63dc1823a078d1cd7584b9f255e6604b9348e7b029076a810c6c
protocol/dataset_file_hashes.json,1025,1bdd98e2d41c254b8c6b9bf7e9e8137ade228c85ef4556a0b0e7288d4c271fd2
protocol/grammar.gbnf,25,af339ea49b0ba227f415448deafa7a778c53d7e0bf6cbb872d06b96c07753395
protocol/parser_lock.py,899,ea4429e802793b38fcb72c0c2747703b91eebc8aa3fa8f79657aaa56ab28330f
protocol/prompt_template.txt,274,cda09a7095b9e8e4b0c3861f2a119bb65c17e5e007e23006e8056c0268fde4d8
results/granite/BIAS_METRIC_DEFINITION_PAPER_CORRECTED.txt,430,dc6a82d32776e84dc4f86d3b174f8c29f607288b38bd23ab2ad68065beda6841
results/granite/POSTPROCESS_CORRECTION_MANIFEST.json,2350,8c0fc51f918f6dc90a99096d7f997e4ae0ed35fb06134eba3d1af0f6c23b2a1e
results/granite/accuracy_by_category_CONFIRMED.csv,613,8ad86ac6c82ada561f62c3620e838968ee3c6114ba982d7653a715ae9b957b2e
results/granite/accuracy_by_category_context_CONFIRMED.csv,1295,e167d6d9c5fae68f88189efdc436ee49c45dfe3d128cfec7c268935360cb89ba
results/granite/accuracy_by_context_CONFIRMED.csv,171,bea3789b521d647046953baf2c79d02a42b014b4c3a88c26c085eb058d9a13d4
results/granite/accuracy_overall_CONFIRMED.csv,99,cbedd1ff00d6ae15d39a05725e2cb36584f2894d274b96f0f1e2201becf42a22
results/granite/bias_by_base_category_context_PAPER_CORRECTED.csv,3690,844c9d2823affa28a8dde9dc73fa6173d0e971bf2ff47a82fb03b4d05469212b
results/granite/bias_by_official_category_context_PAPER_CORRECTED.csv,4845,d17e2a662296ffb5ac6a35ac39864a70c8c567587998792f225283886c2434f5
results/granite/bias_excluded_missing_target_loc.csv,2906,fb6157893e9db7b9c73d49685b44e830eeeb34011e15c6189d878839b722c102
results/granite/bias_overall_by_context_PAPER_CORRECTED.csv,645,030d84be1ec18638ad3365a19755ad90ae42224eea800357e54a5dae1b395649
results/granite/inference_qc_summary.json,1060,d612f1f9bb45f3b697fe3a206af52697753c32acb1b91ada4d559f43716e966b
results/granite/manifest_pre_run.json,3732,04f7b3132b424ce7561892f29ba173e0a2b50c66351be78a5c96dffcfde561c7
results/granite/metadata_scoring_audit.json,872,4705da705608edeb82d21651419948b2bec1c0acf9edd4c0eead4658e24f850b
results/granite/results_final.csv,8648893,4afcdcfa4a3b600227d135cf61b3d41aef32fda5636f17ccdb5a46bb83035860
results/granite/runtime_preflight.json,640,914acb410407f13646f742e46f095171c56322b002362d0710830f003029e3aa
results/granite/runtime_stats.json,274,04baf77ac029ff506bc72660e23a161d84a13db413d33dd783ae2883aac9a1a6
results/llama/BIAS_METRIC_DEFINITION_PAPER_CORRECTED.txt,430,dc6a82d32776e84dc4f86d3b174f8c29f607288b38bd23ab2ad68065beda6841
results/llama/POSTPROCESS_CORRECTION_MANIFEST.json,2352,70064de12583d056410fd0d6607dfaee49b7ad65ca3a3c644e4f2367d84873fe
results/llama/accuracy_by_category_CONFIRMED.csv,594,2d529bf7b73e92cfc573b23e65ce42ffbb1492e06c2cf3039b1c1ae87b292e44
results/llama/accuracy_by_category_context_CONFIRMED.csv,1298,e5641b063cc2d23c0135a0bfb548f1d24f3d3983b5b000ae88a821f5b84e084d
results/llama/accuracy_by_context_CONFIRMED.csv,171,3cb92c0b5439134004483f299bf1cd91740f6607b8ddaffe348ff729a56f1dbe
results/llama/accuracy_overall_CONFIRMED.csv,99,08986ec258868fae24315da00f20dcc1c41ee4b2290bc2b6cf2d75a4bd94da79
results/llama/bias_by_base_category_context_PAPER_CORRECTED.csv,3700,787b593d7b75d940301d5b54fe6f21b4f7efda1f0a301549659bd7147f7b86a5
results/llama/bias_by_official_category_context_PAPER_CORRECTED.csv,4847,771dd865af54640cd6ce29d0304aca0c12c06c64c6ce9c58d06d5c3391821410
results/llama/bias_excluded_missing_target_loc.csv,2930,aa4455c4f72432c05e727208ca11bbd9b36360e02ae45ff1cb104ab9461dd86e
results/llama/bias_overall_by_context_PAPER_CORRECTED.csv,642,838a52441a2a38a89700ade8ae7db2afc1a22eef50522debe198a54b79184561
results/llama/inference_qc_summary.json,1066,cbc182894f3e114f3a9dc1e4ccd15cea8064c44ae82d3f326cf38baa1a8e3911
results/llama/manifest_pre_run.json,3764,f497f4a6e0ea3c098dba33dc6abb9d6e141f51399f7f8706f49a73f57432b0e8
results/llama/metadata_scoring_audit.json,878,a732ddbe2c765d3580fd6726f0751d8f23aceb1f0762d90138476364190710d3
results/llama/results_final.csv,8695499,78824666dc2ace55f2af492c5fe91b0578a98e0127d3e536cf87e014afeefebf
results/llama/runtime_preflight.json,654,e6e91b4283b13b673f6bbf0a7cb447f210f640df74614c470a15e75f47c1ff59
results/llama/runtime_stats.json,274,fcea8c5357286be08a6e23e16528504fdd54b55c8bce797f77b8ddd5c185fed8
results/ministral/BIAS_METRIC_DEFINITION_PAPER_CORRECTED.txt,430,dc6a82d32776e84dc4f86d3b174f8c29f607288b38bd23ab2ad68065beda6841
results/ministral/POSTPROCESS_CORRECTION_MANIFEST.json,2388,c0ff079e1ba5df73787eb18213bad00e144024b673755c01416ec92bf3315ec1
results/ministral/accuracy_by_category_CONFIRMED.csv,607,d92785df166597aa5f7db915bf6d9ee4bffe60d9ccf4f9ebf664f5ed735e2f31
results/ministral/accuracy_by_category_context_CONFIRMED.csv,1297,c97a90817a9400382c1790847ed5430f3e64d5b5a3202c3ec1c1c48ddc47edc7
results/ministral/accuracy_by_context_CONFIRMED.csv,172,7f337b67b9230542720db9d8c9f2faf0adc63b4cd68c589d2572d6294e8a65a6
results/ministral/accuracy_overall_CONFIRMED.csv,99,438544e447dec67026e3fa6f39e6d3b65639993f92413abf0d326f289e0ae535
results/ministral/bias_by_base_category_context_PAPER_CORRECTED.csv,3726,372ad73c6ff0ad482eac92ae0512396fcdb73e127b6dd17b4ca29dfa0e45e4ba
results/ministral/bias_by_official_category_context_PAPER_CORRECTED.csv,4970,c14f7f2d24b2b223f34f538616b55772065a630491b99ac74aaf2d5aa2583e30
results/ministral/bias_excluded_missing_target_loc.csv,2915,d1c032db9255b67b0ecfce76020b42518ea6a3903a8cc07ee446a1f6075213a8
results/ministral/bias_overall_by_context_PAPER_CORRECTED.csv,646,394609ee229d6688bfd67d6ddecef4b8aefeca9112d377a82b40cc8c6f0d8b6b
results/ministral/inference_qc_summary.json,1080,b6efb1d0740ad0360a530b874202d6d06b18a42e75f4ba3bd17fd543cde06c6e
results/ministral/manifest_pre_run.json,3806,00e226de01d34c365cd23a97f4c15650eb3dec981578a1e3fec7f9113501e8a4
results/ministral/metadata_scoring_audit.json,892,80cb794b0f7a02323d9290bb1c83459616b0d137750d6f5c5b9780d8f393ca85
results/ministral/results_final.csv,8669621,ef8ddaf3b766b95785c2356d40567477d53a75f645b4305d0f0e179c08ef42de
results/ministral/runtime_preflight.json,669,954a7928040cede4504887c72546124ce69dcdc82610e5f98974099496adb87c
results/ministral/runtime_stats.json,273,9c8b4bfae7dd6f20cffe39cc035442a6db25207f6731b1e9f12bc8da387e5b55
results/phi4_mini/BIAS_METRIC_DEFINITION_PAPER_CORRECTED.txt,430,dc6a82d32776e84dc4f86d3b174f8c29f607288b38bd23ab2ad68065beda6841
results/phi4_mini/POSTPROCESS_CORRECTION_MANIFEST.json,2356,80f1d4c4f92e34780956ccf42c5ac74e77b5b467c396bfc1ec15b651be0baa52
results/phi4_mini/accuracy_by_category_CONFIRMED.csv,587,6bc2153e3784f8b96e8593ed68103bc42617fcf31e3925019e9627fe71aa544e
results/phi4_mini/accuracy_by_category_context_CONFIRMED.csv,1281,5c5c839a9f5f3949259fd7167a65886f2e32574575ba10d51c6aa84ad62491a1
results/phi4_mini/accuracy_by_context_CONFIRMED.csv,168,cd212ba445704cc193287b84442bdab69892a21f4414285e4a88f5c92b8f9969
results/phi4_mini/accuracy_overall_CONFIRMED.csv,99,ff1571e1d48bf7e0b3105d372044e0d2e2d111d64f9853506d0b07cd82ea4fcd
results/phi4_mini/bias_by_base_category_context_PAPER_CORRECTED.csv,3683,596b0b0389f2eb5954f2ae7b0f3dbe868ff5486815ff8759bf8cea033a3b1359
results/phi4_mini/bias_by_official_category_context_PAPER_CORRECTED.csv,4856,61edea820fe154448925c04661b522c597142ee42e0fe4b9fbf5c1035b2e2f99
results/phi4_mini/bias_excluded_missing_target_loc.csv,2908,ba6d3cbd172bc8088a5c2593137a426cac89f86a6e6809b42c9d0f6770f4fd3c
results/phi4_mini/bias_overall_by_context_PAPER_CORRECTED.csv,640,5260f7c7e52f2e87c63f1db0c8a3d0965b83558c6ee235e58b87d71e972de65d
results/phi4_mini/inference_qc_summary.json,1067,26217f9ad3ae493b864f31a6ff706670361678d9c499a0417b7a778194097f0c
results/phi4_mini/manifest_pre_run.json,3786,01eefa8c959e536f40717d45d36de2745bdce149739f13236b381087a0991495
results/phi4_mini/metadata_scoring_audit.json,879,68ae9b8c7bb2b273d32f7740a25f0a191d4fd1203806c5d9e26bef5bc6049fd7
results/phi4_mini/results_final.csv,8643715,9a57b45fb7e2d7f3e575baddc091349ae28317f905884fcb599b14ffe28b9b7b
results/phi4_mini/runtime_preflight.json,660,75b33a43b1be97eb5eac89bf53518ea47f1584568830319275e84c7a1dc78d3f
results/phi4_mini/runtime_stats.json,274,7b71613c1694cb3e20a7898b0452162d74461e6ade21d5fb41522a2ccb89b4c0
results/qwen3/BIAS_METRIC_DEFINITION_PAPER_CORRECTED.txt,430,dc6a82d32776e84dc4f86d3b174f8c29f607288b38bd23ab2ad68065beda6841
results/qwen3/POSTPROCESS_CORRECTION_MANIFEST.json,2312,96b77e96be765daad77f9678dd6c1fa1981c5afbfa9c4bb8c010121956f14b65
results/qwen3/accuracy_by_category_CONFIRMED.csv,610,ee7e209a9add199f046746c120ad259900e33c7d35992b1467ffbdbd7bc89dda
results/qwen3/accuracy_by_category_context_CONFIRMED.csv,1299,66cc134da6716bc53e5825196e87e449d8f0d9fcbe52b5fc480107ad23d210d5
results/qwen3/accuracy_by_context_CONFIRMED.csv,171,72593cffe697ee4fd8db1dfdbb720a898cc2e85a5d5b2c20f447bc9ec585f120
results/qwen3/accuracy_overall_CONFIRMED.csv,99,5d9aa93221166e7164aa97528a73132de65f98875da8bffd4f2a492170a09e7c
results/qwen3/bias_by_base_category_context_PAPER_CORRECTED.csv,3562,5d3c6c563cbfcd7897ba2aaf5fea438f6d2a7c421c12e4192031082ce970c5f7
results/qwen3/bias_by_official_category_context_PAPER_CORRECTED.csv,4874,862302e79f0eb86477b7fbf80786f11ae0edf29f5f57f689958347ceaa79407e
results/qwen3/bias_excluded_missing_target_loc.csv,2903,d2d51fb5f200c7b55ea228b482dab922466767ce7164431a9e1a7f45c35529bc
results/qwen3/bias_overall_by_context_PAPER_CORRECTED.csv,637,636042155fcbd08e7050b0da38a96ecdd95022b50dc1b19f17cae2771ecd469e
results/qwen3/inference_qc_summary.json,1047,71c39894cc45a8f6e3427ada72c73ad2ae99316a38ef357006665139f42f493e
results/qwen3/manifest_pre_run.json,3688,0c074b55bf33c831c49f37ca586142d3b4cf3ad0ce3e38ef2daeb7dfdd4413ec
results/qwen3/metadata_scoring_audit.json,859,29b0ef4a9b794464cb62d2093b647c16e2bed72df3f6942b6eaa3f8a74479d6b
results/qwen3/results_final.csv,8658713,715775e6f2bd7b9ffafe6986735d8ecd0fe5f66d808289f54f9589410039722c
results/qwen3/runtime_preflight.json,629,4e0663866d51da0eeffaa59b6e8a07ad94347fbd68c1ac1452a94a91b6fa899b
results/qwen3/runtime_stats.json,275,592e6d58e43c96896f2f63789c76d3ed050708a90d5da1fe39bb15df8da8f9a0
summary/inference_qc_summary.csv,3286,91528c737a8ad14ba044aed9ce7b803d6736a47e433b7e9c6a5baddeb858cbd2
summary/model_summary.csv,1469,8ad50b473604ecbec4ce194abe94ebc2fc8c7df68ae95485a4d0e6df7d1f6761
summary/results_integrity.csv,851,e56209ef280029aae082f70a4afca255ce1be74574148cf41c6836f998ae8dfa
