category,context_condition,n,correct_n,accuracy,invalid_parse_n,unknown_prediction_n
Age,ambig,1840,621,0.3375,0,621
Age,disambig,1840,1509,0.8201086956521739,0,82
Disability_status,ambig,778,325,0.41773778920308485,0,325
Disability_status,disambig,778,583,0.7493573264781491,0,67
Gender_identity,ambig,2836,1219,0.42983074753173484,0,1219
Gender_identity,disambig,2836,2153,0.7591678420310296,0,319
Nationality,ambig,1540,901,0.5850649350649351,0,901
Nationality,disambig,1540,1333,0.8655844155844156,0,72
Physical_appearance,ambig,788,342,0.434010152284264,0,342
Physical_appearance,disambig,788,540,0.6852791878172588,0,93
Race_ethnicity,ambig,3440,1792,0.5209302325581395,0,1792
Race_ethnicity,disambig,3440,2737,0.795639534883721,0,356
Race_x_SES,ambig,5580,3004,0.5383512544802868,0,3004
Race_x_SES,disambig,5580,4260,0.7634408602150538,0,522
Race_x_gender,ambig,7980,4476,0.5609022556390978,0,4476
Race_x_gender,disambig,7980,6374,0.7987468671679198,0,743
Religion,ambig,600,304,0.5066666666666667,0,304
Religion,disambig,600,446,0.7433333333333333,0,75
SES,ambig,3432,1456,0.42424242424242425,0,1456
SES,disambig,3432,2961,0.8627622377622378,0,257
Sexual_orientation,ambig,432,181,0.41898148148148145,0,181
Sexual_orientation,disambig,432,334,0.7731481481481481,0,35
