category,n,correct_n,accuracy,invalid_parse_n,unknown_prediction_n
Age,3680,2976,0.808695652173913,0,1395
Disability_status,1556,1289,0.8284061696658098,0,712
Gender_identity,5672,4945,0.8718265162200282,0,2827
Nationality,3080,2647,0.8594155844155844,0,1344
Physical_appearance,1576,1171,0.743020304568528,0,656
Race_ethnicity,6880,6209,0.9024709302325581,0,3090
Race_x_SES,11160,10399,0.9318100358422939,0,5559
Race_x_gender,15960,14856,0.9308270676691729,0,8064
Religion,1200,1006,0.8383333333333334,0,564
SES,6864,6132,0.8933566433566433,0,3348
Sexual_orientation,864,777,0.8993055555555556,0,418
