analysis_category,context_condition,n_bias_metadata_eligible,unknown_output_n,n_non_unknown_outputs,n_biased_ans,n_unbiased_ans,neg_target_n,neg_non_target_n,nonneg_target_n,nonneg_non_target_n,neg_biased_n,nonneg_biased_n,s_dis_raw,accuracy_population_n,accuracy_correct_n,accuracy_for_bias_scaling,bias_score,bias_score_pct
Age,ambig,1840,536,1304,682,622,534,92,530,148,534,148,0.04601226993865026,1840,536,0.29130434782608694,0.032608695652173884,3.2608695652173885
Age,disambig,1840,136,1704,848,856,459,406,450,389,459,389,-0.0046948356807511304,1840,1553,0.8440217391304348,-0.0046948356807511304,-0.46948356807511304
Disability_status,ambig,778,286,492,313,179,208,66,113,105,208,105,0.27235772357723587,778,286,0.3676092544987147,0.1722365038560412,17.22365038560412
Disability_status,disambig,778,61,717,352,365,195,166,199,157,195,157,-0.018131101813110173,778,616,0.7917737789203085,-0.018131101813110173,-1.8131101813110173
Gender_identity,ambig,328,174,154,107,47,73,14,33,34,73,34,0.3896103896103895,336,177,0.5267857142857143,0.18436920222634504,18.436920222634505
Gender_identity,disambig,328,53,275,142,133,77,76,57,65,77,65,0.032727272727272716,336,243,0.7232142857142857,0.032727272727272716,3.2727272727272716
Gender_identity (names),ambig,2500,1421,1079,521,558,340,173,385,181,340,181,-0.03429101019462466,2500,1421,0.5684,-0.014800000000000002,-1.4800000000000002
Gender_identity (names),disambig,2500,350,2150,1114,1036,610,543,493,504,610,504,0.036279069767441774,2500,1980,0.792,0.036279069767441774,3.6279069767441774
Nationality,ambig,1540,823,717,371,346,204,131,215,167,204,167,0.03486750348675027,1540,823,0.5344155844155845,0.016233766233766198,1.6233766233766198
Nationality,disambig,1540,119,1421,697,724,366,349,375,331,366,331,-0.01900070372976781,1540,1334,0.8662337662337662,-0.01900070372976781,-1.900070372976781
Physical_appearance,ambig,788,407,381,183,198,166,46,152,17,166,17,-0.03937007874015752,788,407,0.516497461928934,-0.01903553299492388,-1.903553299492388
Physical_appearance,disambig,788,89,699,327,372,189,175,197,138,189,138,-0.06437768240343344,788,589,0.7474619289340102,-0.06437768240343344,-6.4377682403433445
Race_ethnicity,ambig,940,630,310,166,144,106,47,97,60,106,60,0.07096774193548394,940,630,0.6702127659574468,0.023404255319148956,2.3404255319148954
Race_ethnicity,disambig,940,91,849,404,445,208,212,233,196,208,196,-0.04829210836277975,940,822,0.874468085106383,-0.04829210836277975,-4.829210836277975
Race_ethnicity (names),ambig,2500,1341,1159,594,565,292,263,302,302,292,302,0.025021570319240682,2500,1341,0.5364,0.01159999999999998,1.159999999999998
Race_ethnicity (names),disambig,2500,42,2458,1222,1236,618,606,630,604,618,604,-0.005695687550854367,2500,2339,0.9356,-0.005695687550854367,-0.5695687550854367
Race_x_SES,ambig,1680,1096,584,302,282,174,77,205,128,174,128,0.03424657534246567,1680,1096,0.6523809523809524,0.011904761904761875,1.1904761904761874
Race_x_SES,disambig,1680,142,1538,738,800,406,410,390,332,406,332,-0.04031209362808841,1680,1450,0.8630952380952381,-0.04031209362808841,-4.031209362808841
Race_x_SES (names),ambig,3900,2125,1775,829,946,435,444,502,394,435,394,-0.06591549295774646,3900,2125,0.5448717948717948,-0.029999999999999992,-2.999999999999999
Race_x_SES (names),disambig,3900,173,3727,1830,1897,959,947,950,871,959,871,-0.01797692514086402,3900,3661,0.9387179487179487,-0.01797692514086402,-1.797692514086402
Race_x_gender,ambig,2280,1336,944,594,350,278,164,186,316,278,316,0.2584745762711864,2280,1336,0.5859649122807018,0.10701754385964911,10.701754385964911
Race_x_gender,disambig,2280,151,2129,1079,1050,563,519,531,516,563,516,0.013621418506341021,2280,2058,0.9026315789473685,0.013621418506341021,1.362141850634102
Race_x_gender (names),ambig,5700,2396,3304,2003,1301,957,614,687,1046,957,1046,0.21246973365617428,5700,2396,0.4203508771929825,0.12315789473684206,12.315789473684207
Race_x_gender (names),disambig,5700,288,5412,2716,2696,1405,1325,1371,1311,1405,1311,0.003695491500369519,5700,5063,0.8882456140350877,0.003695491500369519,0.3695491500369519
Religion,ambig,600,344,256,163,93,95,32,61,68,95,68,0.2734375,600,344,0.5733333333333334,0.11666666666666665,11.666666666666666
Religion,disambig,600,52,548,276,272,145,135,137,131,145,131,0.007299270072992803,600,492,0.82,0.007299270072992803,0.7299270072992803
SES,ambig,3432,1415,2017,717,1300,547,397,903,170,547,170,-0.28904313336638576,3432,1415,0.4122960372960373,-0.16987179487179488,-16.98717948717949
SES,disambig,3432,232,3200,1579,1621,835,768,853,744,835,744,-0.013125000000000053,3432,3008,0.8764568764568764,-0.013125000000000053,-1.3125000000000053
Sexual_orientation,ambig,432,273,159,90,69,47,30,39,43,47,43,0.13207547169811318,432,273,0.6319444444444444,0.048611111111111105,4.861111111111111
Sexual_orientation,disambig,432,54,378,191,187,94,99,88,97,94,97,0.010582010582010692,432,350,0.8101851851851852,0.010582010582010692,1.0582010582010692
